{
  "project_info": {
    "project_number": "1075491982894",
    "firebase_url": "https://dangsindaesin-default-rtdb.firebaseio.com",
    "project_id": "dangsindaesin",
    "storage_bucket": "dangsindaesin.firebasestorage.app"
  },
  "client": [
    {
      "client_info": {
        "mobilesdk_app_id": "1:1075491982894:android:f40e1580a8cdad61be99bf",
        "android_client_info": {
          "package_name": "com.example.dangsindaesin"
        }
      },
      "oauth_client": [],
      "api_key": [
        {
          "current_key": "AIzaSyDaHN1yeQgN-TDuRqcbPK5yM7ImrMsYInw"
        }
      ],
      "services": {
        "appinvite_service": {
          "other_platform_oauth_client": []
        }
      }
    }
  ],
  "configuration_version": "1"
}